Image Name,Kappa,Theta_p
../test/Norm Test Image_90_0.2_90.02_0.2_0.38892.png,87.0672082885545,0.270160624177632
../test/Norm Test Image_90_0.5_89.98_0.5_0.50869.png,90.16315614535287,0.5189121752692426
../test/Norm Test Image_90_1_89.97_0.99_0.69256.png,88.82084359929122,1.0573253402248242
../test/Norm Test Image_90_5_90_5.02_1.7367.png,89.94342906609455,5.118487350154842
