Image Name,Kappa,Theta_p
../test/Norm Test Image_90_0.2_90.02_0.2_0.38892.png,87.0672082885545,0.270160624177632
0,0.0,0.0
0,0.0,0.0
0,0.0,0.0
